system.number,seqid,system,target.name,hmm.accession,hmm.name,protein.name,full.seq.E.value,domain.iE.value,target.coverage,hmm.coverage,start,end,strand,target.description,relative.position,contig.end,all.domains,best.hits
1,NC_017954.1,DMS_other,NC_017954.1_630,PDLC03376,MTase_II_00162,MTase_II,1e-59,1.9999999999999998e-32,0.417,0.554,565180,566193,+,565180  566193  1  ID=1_630;partial=00;start_type=ATG;rbs_motif=GTG;rbs_spacer=6bp;gc_cont=0.605,630,1421,"PDLC03369,MTase_II_00155, 1, 1.2e-11, 0.243, 0.15 | PDLC03369,MTase_II_00155, 2, 0.2, 0.269, 0.162 | PDLC03283,MTase_II_00069, 1, 1.5e-11, 0.169, 0.162 | PDLC03283,MTase_II_00069, 2, 6.6e-06, 0.432, 0.452 | PDLC03391,MTase_II_00177, 1, 7.8e-06, 0.175, 0.157 | PDLC03302,MTase_II_00088, 1, 0.0049, 0.151, 0.081 | PDLC03302,MTase_II_00088, 2, 160, 0.053, 0.029 | PDLC03362,MTase_II_00148, 1, 2.3e-06, 0.228, 0.178 | PDLC03362,MTase_II_00148, 2, 0.82, 0.107, 0.078 | PDLC03362,MTase_II_00148, 3, 23, 0.08, 0.062 | PDLC03259,MTase_II_00045, 1, 3.1e-11, 0.163, 0.13 | PDLC03259,MTase_II_00045, 2, 2.7e-08, 0.251, 0.191 | PDLC03732,oMTase_00021, 1, 0.081, 0.109, 0.143 | PDLC03732,oMTase_00021, 2, 5.8, 0.077, 0.105 | PDLC03319,MTase_II_00105, 1, 9.7e-06, 0.148, 0.099 | PDLC03319,MTase_II_00105, 2, 2, 0.107, 0.07 | PDLC03319,MTase_II_00105, 3, 180, 0.115, 0.247 | PDLC03327,MTase_II_00113, 1, 0.00038, 0.246, 0.26 | PDLC03327,MTase_II_00113, 2, 6.6, 0.201, 0.176 | PDLC03279,MTase_II_00065, 1, 1e-06, 0.145, 0.083 | PDLC03316,MTase_II_00102, 1, 0.00016, 0.109, 0.095 | PDLC03316,MTase_II_00102, 2, 2.3e-08, 0.376, 0.31 | PDLC03320,MTase_II_00106, 1, 1.7e-08, 0.21, 0.246 | PDLC03320,MTase_II_00106, 2, 0.039, 0.145, 0.145 | PDLC03350,MTase_II_00136, 1, 4.5e-14, 0.257, 0.269 | PDLC03350,MTase_II_00136, 2, 1.5e-13, 0.438, 0.449 | PDLC03295,MTase_II_00081, 1, 0.0096, 0.169, 0.199 | PDLC03295,MTase_II_00081, 2, 0.00012, 0.21, 0.219 | PDLC03635,MTase_III_00004, 1, 5e-04, 0.13, 0.064 | PDLC03300,MTase_II_00086, 1, 4.6e-09, 0.281, 0.315 | PDLC03241,MTase_II_00027, 1, 8.3e-09, 0.151, 0.114 | PDLC03241,MTase_II_00027, 2, 7.6, 0.166, 0.107 | PDLC03346,MTase_II_00132, 1, 0.0014, 0.095, 0.03 | PDLC03346,MTase_II_00132, 2, 0.0027, 0.231, 0.067 | PDLC03336,MTase_II_00122, 1, 0.064, 0.089, 0.071 | PDLC03336,MTase_II_00122, 2, 1e-04, 0.246, 0.19 | PDLC03215,MTase_II_00001, 1, 0.066, 0.083, 0.085 | PDLC03215,MTase_II_00001, 2, 15, 0.074, 0.073 | PDLC03215,MTase_II_00001, 3, 2.8, 0.101, 0.106 | PDLC03339,MTase_II_00125, 1, 2.7e-15, 0.269, 0.228 | PDLC03339,MTase_II_00125, 2, 0.64, 0.198, 0.178 | PDLC03236,MTase_II_00022, 1, 0.24, 0.16, 0.06 | PDLC03236,MTase_II_00022, 2, 2, 0.296, 0.11 | PDLC03638,MTase_III_00007, 1, 0.002, 0.139, 0.058 | PDLC02541,PglXI_00001, 1, 3.3e-06, 0.112, 0.041 | PDLC02541,PglXI_00001, 1, 3.3e-06, 0.112, 0.041 | PDLC02541,PglXI_00001, 2, 160, 0.071, 0.026 | PDLC02541,PglXI_00001, 2, 160, 0.071, 0.026 | PDLC02541,PglXI_00001, 3, 0.0057, 0.178, 0.06 | PDLC02541,PglXI_00001, 3, 0.0057, 0.178, 0.06 | PDLC03252,MTase_II_00038, 1, 7.9e-05, 0.157, 0.145 | PDLC03252,MTase_II_00038, 2, 7.3e-06, 0.231, 0.205 | PDLC03252,MTase_II_00038, 3, 20, 0.175, 0.142 | PDLC03224,MTase_II_00010, 1, 4e-07, 0.142, 0.102 | PDLC03224,MTase_II_00010, 2, 2.5, 0.056, 0.04 | PDLC03224,MTase_II_00010, 3, 0.13, 0.201, 0.137 | PDLC03633,MTase_III_00002, 1, 1.3e-05, 0.157, 0.086 | PDLC03636,MTase_III_00005, 1, 0.00043, 0.112, 0.066 | PDLC03376,MTase_II_00162, 1, 8.2e-26, 0.231, 0.313 | PDLC03376,MTase_II_00162, 2, 2e-32, 0.417, 0.554 | PDLC03323,MTase_II_00109, 1, 0.00012, 0.163, 0.167 | PDLC03323,MTase_II_00109, 2, 2.5, 0.225, 0.206 | PDLC03239,MTase_II_00025, 1, 1.7e-10, 0.195, 0.154 | PDLC03239,MTase_II_00025, 2, 0.23, 0.05, 0.038 | PDLC03239,MTase_II_00025, 3, 0.012, 0.133, 0.102 | PDLC03371,MTase_II_00157, 1, 6.2e-17, 0.343, 0.415 | PDLC03371,MTase_II_00157, 2, 7.5e-05, 0.263, 0.369 | PDLC03260,MTase_II_00046, 1, 8.7e-09, 0.225, 0.206 | PDLC03260,MTase_II_00046, 2, 0.0021, 0.246, 0.215 | PDLC03644,MTase_III_00013, 1, 0.00081, 0.145, 0.101 | PDLC03284,MTase_II_00070, 1, 0.00018, 0.148, 0.139 | PDLC03284,MTase_II_00070, 2, 120, 0.198, 0.166 | PDLC03363,MTase_II_00149, 1, 1.9e-07, 0.148, 0.17 | PDLC03363,MTase_II_00149, 2, 23, 0.05, 0.058 | PDLC03363,MTase_II_00149, 3, 0.019, 0.186, 0.214 | PDLC03216,MTase_II_00002, 1, 4.5e-10, 0.175, 0.162 | PDLC03216,MTase_II_00002, 2, 0.056, 0.124, 0.115 | PDLC03238,MTase_II_00024, 1, 1.4e-07, 0.115, 0.091 | PDLC03238,MTase_II_00024, 2, 0.0093, 0.207, 0.152 | PDLC03360,MTase_II_00146, 1, 0.00085, 0.095, 0.073 | PDLC03738,oMTase_00027, 1, 1.3e-09, 0.183, 0.176 | PDLC03738,oMTase_00027, 2, 0.29, 0.13, 0.117 | PDLC03251,MTase_II_00037, 1, 0.00025, 0.151, 0.181 | PDLC03233,MTase_II_00019, 1, 0.015, 0.157, 0.073 | PDLC03233,MTase_II_00019, 2, 64, 0.056, 0.026 | PDLC03325,MTase_II_00111, 1, 3e-16, 0.231, 0.183 | PDLC03325,MTase_II_00111, 2, 2.2e-06, 0.355, 0.298 | PDLC03276,MTase_II_00062, 1, 0.43, 0.092, 0.077 | PDLC03276,MTase_II_00062, 2, 0.015, 0.361, 0.295 | PDLC03337,MTase_II_00123, 1, 6.1e-05, 0.157, 0.216 | PDLC03337,MTase_II_00123, 2, 0.0088, 0.172, 0.193 | PDLC03367,MTase_II_00153, 1, 0.0013, 0.107, 0.057 | PDLC03351,MTase_II_00137, 1, 1e-22, 0.24, 0.236 | PDLC03351,MTase_II_00137, 2, 2.1e-19, 0.385, 0.376 | PDLC03322,MTase_II_00108, 1, 5.2e-11, 0.24, 0.193 | PDLC03322,MTase_II_00108, 2, 18, 0.041, 0.031 | PDLC03322,MTase_II_00108, 3, 17, 0.142, 0.108 | PDLC03308,MTase_II_00094, 1, 0.00032, 0.107, 0.086 | PDLC03308,MTase_II_00094, 2, 0.00023, 0.189, 0.162 | PDLC03229,MTase_II_00015, 1, 0.00052, 0.118, 0.096 | PDLC03229,MTase_II_00015, 2, 6, 0.047, 0.037 | PDLC03230,MTase_II_00016, 1, 530, 0.053, 0.05 | PDLC03230,MTase_II_00016, 2, 2.2e-05, 0.145, 0.136 | PDLC03230,MTase_II_00016, 3, 1e-07, 0.334, 0.292 | PDLC03632,MTase_III_00001, 1, 2.9e-07, 0.145, 0.05 | PDLC03228,MTase_II_00014, 1, 5.2e-09, 0.157, 0.233 | PDLC03228,MTase_II_00014, 2, 0.0013, 0.225, 0.3 | PDLC03387,MTase_II_00173, 1, 1.5e-11, 0.204, 0.253 | PDLC03387,MTase_II_00173, 2, 4.9e-08, 0.234, 0.263 | PDLC03305,MTase_II_00091, 1, 5.1e-05, 0.118, 0.078 | PDLC03305,MTase_II_00091, 2, 0.89, 0.154, 0.107 | PDLC03354,MTase_II_00140, 1, 5.4e-10, 0.154, 0.122 | PDLC03364,MTase_II_00150, 1, 9.4e-09, 0.172, 0.155 | PDLC03306,MTase_II_00092, 1, 0.0022, 0.124, 0.1 | PDLC03306,MTase_II_00092, 2, 0.055, 0.118, 0.095 | PDLC03306,MTase_II_00092, 3, 3.4, 0.121, 0.097 | PDLC03714,oMTase_00003, 1, 1.9e-05, 0.145, 0.176 | PDLC03714,oMTase_00003, 2, 0.012, 0.195, 0.237 | PDLC03246,MTase_II_00032, 1, 0.0038, 0.124, 0.112 | PDLC03246,MTase_II_00032, 2, 5.5e-05, 0.222, 0.176 | PDLC03377,MTase_II_00163, 1, 8.6e-09, 0.175, 0.119 | PDLC03265,MTase_II_00051, 1, 1.4e-06, 0.169, 0.171 | PDLC03265,MTase_II_00051, 2, 5.3e-07, 0.175, 0.162 | PDLC03299,MTase_II_00085, 1, 9.4e-14, 0.311, 0.368 | PDLC03299,MTase_II_00085, 2, 1.6e-07, 0.237, 0.253 | PDLC03379,MTase_II_00165, 1, 0.0081, 0.207, 0.262 | PDLC03379,MTase_II_00165, 2, 62, 0.053, 0.067 | PDLC03309,MTase_II_00095, 1, 0.0033, 0.145, 0.139 | PDLC03309,MTase_II_00095, 2, 0.04, 0.101, 0.099 | PDLC03271,MTase_II_00057, 1, 0.011, 0.124, 0.184 | PDLC03380,MTase_II_00166, 1, 2.5e-16, 0.207, 0.178 | PDLC03380,MTase_II_00166, 2, 2.1, 0.095, 0.079 | PDLC03380,MTase_II_00166, 3, 0.0072, 0.148, 0.127 | PDLC03321,MTase_II_00107, 1, 0.0012, 0.136, 0.188 | PDLC03321,MTase_II_00107, 2, 0.36, 0.121, 0.176 | PDLC03249,MTase_II_00035, 1, 1.3e-08, 0.115, 0.074 | PDLC03249,MTase_II_00035, 2, 36, 0.062, 0.039 | PDLC03353,MTase_II_00139, 1, 8.8e-19, 0.263, 0.338 | PDLC03353,MTase_II_00139, 2, 1.9e-21, 0.45, 0.569 | PDLC03312,MTase_II_00098, 1, 8.6e-08, 0.16, 0.04 | PDLC03312,MTase_II_00098, 2, 5.1, 0.074, 0.019","PDLC03376, MTase_II_00162, 2e-32, 0.417, 0.554 | PDLC03351, MTase_II_00137, 1e-22, 0.24, 0.236 | PDLC03353, MTase_II_00139, 1.9e-21, 0.45, 0.569 | PDLC03371, MTase_II_00157, 6.2e-17, 0.343, 0.415 | PDLC03380, MTase_II_00166, 2.5e-16, 0.207, 0.178"
5,NC_017954.1,argonaute_solo,NC_017954.1_631,PDLC02428,pPIWI_solo,PprPIWI,2.9999999999999996e-102,3.2999999999999996e-102,0.987,0.98,566558,568942,+,566558  568942  1  ID=1_631;partial=00;start_type=TTG;rbs_motif=AGG;rbs_spacer=6bp;gc_cont=0.503,631,1421,"PDLC02385,pAgo_WP_038562081.1, 1, 1.3e-06, 0.122, 0.135 | PDLC02381,pAgo_WP_016804074.1, 1, 0.0012, 0.164, 0.206 | PDLC02388,pAgo_WP_049969002.1, 1, 0.016, 0.257, 0.274 | PDLC02388,pAgo_WP_049969002.1, 2, 16, 0.025, 0.028 | PDLC02386,pAgo_WP_096885432.1, 1, 3e-08, 0.381, 0.413 | PDLC02389,pAgo_WP_055195547.1, 1, 8e-14, 0.369, 0.389 | PDLC02396,pAgo_WP_084668949.1, 1, 4.5e-06, 0.296, 0.325 | PDLC02397,pAgo_A, 1, 1.2e-47, 0.439, 0.555 | PDLC02387,pAgo_WP_038066338.1, 1, 2.1e-07, 0.279, 0.32 | PDLC02436,Ago1-i4, 1, 1.5e-22, 0.371, 0.728 | PDLC02428,pPIWI_solo, 1, 3.3e-102, 0.987, 0.98 | PDLC02380,pAgo_WP_015329024.1, 1, 6e-06, 0.22, 0.232","PDLC02428, pPIWI_solo, 3.3e-102, 0.987, 0.98 | PDLC02397, pAgo_A, 1.2e-47, 0.439, 0.555 | PDLC02436, Ago1-i4, 1.5e-22, 0.371, 0.728 | PDLC02389, pAgo_WP_055195547.1, 8e-14, 0.369, 0.389 | PDLC02386, pAgo_WP_096885432.1, 3e-08, 0.381, 0.413"
1,NC_017954.1,DMS_other,NC_017954.1_633,PDLC02503,BrxHI_00004,BrxHI,9.099999999999998e-92,1.1999999999999999e-91,0.625,0.768,569238,571883,+,569238  571883  1  ID=1_633;partial=00;start_type=GTG;rbs_motif=AGGTG;rbs_spacer=8bp;gc_cont=0.531,633,1421,"PDLC02897,DpdJ_00005, 1, 1.2e-47, 0.49, 0.29 | PDLC02864,DpdF_00010, 1, 1.7e-12, 0.379, 0.516 | PDLC02856,DpdF_00002, 1, 6.1e-09, 0.357, 0.433 | PDLC02861,DpdF_00007, 1, 0.0033, 0.051, 0.075 | PDLC02861,DpdF_00007, 2, 2, 0.031, 0.044 | PDLC02861,DpdF_00007, 3, 9.7e-06, 0.142, 0.198 | PDLC02501,BrxHI_00002, 1, 4.1e-54, 0.59, 0.552 | PDLC02501,BrxHI_00002, 1, 4.1e-54, 0.59, 0.552 | PDLC02870,DpdF_00016, 1, 8.3e-17, 0.373, 0.582 | PDLC03658,mREase_IV_00004, 1, 0.0034, 0.115, 0.105 | PDLC02570,DrmA_00004, 1, 0.36, 0.065, 0.065 | PDLC02570,DrmA_00004, 2, 1.3e-06, 0.126, 0.143 | PDLC02867,DpdF_00013, 1, 55, 0.023, 0.023 | PDLC02867,DpdF_00013, 2, 0.014, 0.164, 0.166 | PDLC02867,DpdF_00013, 3, 0.00082, 0.11, 0.113 | PDLC02867,DpdF_00013, 4, 180, 0.033, 0.033 | PDLC02863,DpdF_00009, 1, 7.4e-06, 0.141, 0.25 | PDLC02704,PbeA_00002, 1, 0.21, 0.142, 0.176 | PDLC02704,PbeA_00002, 2, 1.3e-06, 0.06, 0.078 | PDLC02504,BrxHII_00001, 1, 140, 0.037, 0.032 | PDLC02504,BrxHII_00001, 1, 140, 0.037, 0.032 | PDLC02504,BrxHII_00001, 2, 0.028, 0.105, 0.097 | PDLC02504,BrxHII_00001, 2, 0.028, 0.105, 0.097 | PDLC02857,DpdF_00003, 1, 0.00028, 0.414, 0.423 | PDLC02872,DpdF_00018, 1, 6.8e-09, 0.349, 0.37 | PDLC02843,DpdE_00004, 1, 0.016, 0.061, 0.048 | PDLC02843,DpdE_00004, 2, 0.00064, 0.12, 0.098 | PDLC02859,DpdF_00005, 1, 0.0069, 0.364, 0.571 | PDLC02865,DpdF_00011, 1, 2.3e-07, 0.382, 0.216 | PDLC02855,DpdF_00001, 1, 9.9e-07, 0.346, 0.372 | PDLC02860,DpdF_00006, 1, 7.3e-05, 0.212, 0.355 | PDLC02503,BrxHI_00004, 1, 1.2e-91, 0.625, 0.768 | PDLC02503,BrxHI_00004, 1, 1.2e-91, 0.625, 0.768 | PDLC02705,PbeA_00003, 1, 90, 0.041, 0.045 | PDLC02705,PbeA_00003, 2, 3.4e-06, 0.134, 0.169 | PDLC02893,DpdJ_00001, 1, 0.65, 0.054, 0.054 | PDLC02893,DpdJ_00001, 2, 0.095, 0.104, 0.11 | PDLC02898,DpdJ_00006, 1, 0.19, 0.054, 0.093 | PDLC02898,DpdJ_00006, 2, 0.073, 0.075, 0.13 | PDLC02707,PbeA_00005, 1, 0.00025, 0.169, 0.211 | PDLC02707,PbeA_00005, 2, 4.8e-09, 0.111, 0.146 | PDLC02703,PbeA_00001, 1, 93, 0.042, 0.058 | PDLC02703,PbeA_00001, 2, 0.032, 0.067, 0.096 | PDLC02896,DpdJ_00004, 1, 0.014, 0.058, 0.034 | PDLC02896,DpdJ_00004, 2, 1.4e-05, 0.112, 0.07 | PDLC02569,DrmA_00003, 1, 0.38, 0.062, 0.051 | PDLC02569,DrmA_00003, 2, 7.5, 0.054, 0.044 | PDLC02569,DrmA_00003, 3, 1.1e-06, 0.065, 0.053","PDLC02503, BrxHI_00004, 1.2e-91, 0.625, 0.768 | PDLC02503, BrxHI_00004, 1.2e-91, 0.625, 0.768 | PDLC02501, BrxHI_00002, 4.1e-54, 0.59, 0.552 | PDLC02501, BrxHI_00002, 4.1e-54, 0.59, 0.552 | PDLC02897, DpdJ_00005, 1.2e-47, 0.49, 0.29"
1,NC_017954.1,DMS_other,NC_017954.1_635,PDLC03398,NEase_II_00007,REase_II,5.4999999999999993e-42,6.3e-42,0.866,0.919,572415,573131,+,572415  573131  1  ID=1_635;partial=00;start_type=GTG;rbs_motif=GGT;rbs_spacer=7bp;gc_cont=0.647,635,1421,"PDLC03398,NEase_II_00007, 1, 6.3e-42, 0.866, 0.919","PDLC03398, NEase_II_00007, 6.3e-42, 0.866, 0.919"
2,NC_017954.1,DMS_other,NC_017954.1_691,PDLC03353,MTase_II_00139,MTase_II,1.6999999999999997e-86,2.0999999999999996e-86,0.809,0.919,625134,626060,+,625134  626060  1  ID=1_691;partial=00;start_type=ATG;rbs_motif=GGTG;rbs_spacer=7bp;gc_cont=0.518,691,1421,"PDLC03303,MTase_II_00089, 1, 0.46, 0.104, 0.049 | PDLC03303,MTase_II_00089, 2, 1.4e-07, 0.204, 0.094 | PDLC03369,MTase_II_00155, 1, 5, 0.091, 0.053 | PDLC03369,MTase_II_00155, 2, 2.1e-05, 0.175, 0.103 | PDLC03283,MTase_II_00069, 1, 3.3e-06, 0.084, 0.074 | PDLC03283,MTase_II_00069, 2, 2.4e-30, 0.663, 0.58 | PDLC03391,MTase_II_00177, 1, 8.1, 0.091, 0.073 | PDLC03391,MTase_II_00177, 2, 0.16, 0.149, 0.121 | PDLC03302,MTase_II_00088, 1, 260, 0.091, 0.045 | PDLC03302,MTase_II_00088, 2, 1.3e-07, 0.262, 0.133 | PDLC03362,MTase_II_00148, 1, 2.5, 0.11, 0.071 | PDLC03362,MTase_II_00148, 2, 6.2, 0.194, 0.135 | PDLC03362,MTase_II_00148, 3, 0.29, 0.172, 0.123 | PDLC03259,MTase_II_00045, 1, 4.6e-48, 0.835, 0.61 | PDLC03327,MTase_II_00113, 1, 5.7e-08, 0.757, 0.708 | PDLC03279,MTase_II_00065, 1, 5.3e-06, 0.184, 0.097 | PDLC03316,MTase_II_00102, 1, 7.4e-05, 0.395, 0.315 | PDLC03316,MTase_II_00102, 2, 4.5, 0.091, 0.072 | PDLC03316,MTase_II_00102, 3, 0.046, 0.087, 0.069 | PDLC03320,MTase_II_00106, 1, 0.55, 0.058, 0.062 | PDLC03320,MTase_II_00106, 2, 2.1e-10, 0.201, 0.215 | PDLC03350,MTase_II_00136, 1, 1.1e-50, 0.819, 0.769 | PDLC03295,MTase_II_00081, 1, 3.6e-11, 0.783, 0.863 | PDLC03635,MTase_III_00004, 1, 4.4e-09, 0.22, 0.1 | PDLC03300,MTase_II_00086, 1, 300, 0.049, 0.05 | PDLC03300,MTase_II_00086, 2, 13, 0.107, 0.106 | PDLC03300,MTase_II_00086, 3, 7.9e-10, 0.249, 0.258 | PDLC03241,MTase_II_00027, 1, 3.7e-08, 0.201, 0.139 | PDLC03336,MTase_II_00122, 1, 0.00066, 0.178, 0.14 | PDLC03336,MTase_II_00122, 2, 0.0089, 0.155, 0.114 | PDLC03339,MTase_II_00125, 1, 8.1, 0.178, 0.135 | PDLC03339,MTase_II_00125, 2, 3.5e-08, 0.246, 0.193 | PDLC03236,MTase_II_00022, 1, 4.9e-11, 0.79, 0.265 | PDLC03638,MTase_III_00007, 1, 5.2e-09, 0.217, 0.082 | PDLC02541,PglXI_00001, 1, 9.2, 0.068, 0.023 | PDLC02541,PglXI_00001, 1, 9.2, 0.068, 0.023 | PDLC02541,PglXI_00001, 2, 0.0016, 0.184, 0.062 | PDLC02541,PglXI_00001, 2, 0.0016, 0.184, 0.062 | PDLC03252,MTase_II_00038, 1, 0.092, 0.194, 0.178 | PDLC03252,MTase_II_00038, 2, 61, 0.117, 0.096 | PDLC03252,MTase_II_00038, 3, 3.4e-09, 0.223, 0.181 | PDLC03224,MTase_II_00010, 1, 0.84, 0.071, 0.044 | PDLC03224,MTase_II_00010, 2, 0.014, 0.172, 0.108 | PDLC03224,MTase_II_00010, 3, 8.4e-11, 0.217, 0.141 | PDLC03633,MTase_III_00002, 1, 4.2e-06, 0.197, 0.099 | PDLC03296,MTase_II_00082, 1, 25, 0.049, 0.045 | PDLC03296,MTase_II_00082, 2, 6.3e-06, 0.21, 0.19 | PDLC03636,MTase_III_00005, 1, 1.9e-09, 0.214, 0.111 | PDLC03376,MTase_II_00162, 1, 2.1e-06, 0.327, 0.422 | PDLC03376,MTase_II_00162, 2, 0.00039, 0.282, 0.321 | PDLC03323,MTase_II_00109, 1, 0.063, 0.181, 0.17 | PDLC03323,MTase_II_00109, 2, 0.00016, 0.168, 0.158 | PDLC03239,MTase_II_00025, 1, 2.3, 0.058, 0.041 | PDLC03239,MTase_II_00025, 2, 0.00017, 0.165, 0.12 | PDLC03371,MTase_II_00157, 1, 0.25, 0.074, 0.092 | PDLC03371,MTase_II_00157, 2, 4.6e-23, 0.531, 0.569 | PDLC03260,MTase_II_00046, 1, 7.8e-05, 0.214, 0.189 | PDLC03260,MTase_II_00046, 2, 1.3e-11, 0.343, 0.269 | PDLC03260,MTase_II_00046, 3, 150, 0.052, 0.046 | PDLC03644,MTase_III_00013, 1, 2.3e-06, 0.201, 0.122 | PDLC03284,MTase_II_00070, 1, 3.3, 0.065, 0.055 | PDLC03284,MTase_II_00070, 2, 160, 0.065, 0.055 | PDLC03284,MTase_II_00070, 3, 0.0014, 0.159, 0.136 | PDLC03363,MTase_II_00149, 1, 4, 0.052, 0.054 | PDLC03363,MTase_II_00149, 2, 27, 0.052, 0.054 | PDLC03363,MTase_II_00149, 3, 7.3e-09, 0.22, 0.231 | PDLC03216,MTase_II_00002, 1, 2.2, 0.065, 0.055 | PDLC03216,MTase_II_00002, 2, 3.6e-13, 0.22, 0.187 | PDLC03238,MTase_II_00024, 1, 78, 0.172, 0.129 | PDLC03238,MTase_II_00024, 2, 5.9e-09, 0.249, 0.178 | PDLC03738,oMTase_00027, 1, 31, 0.061, 0.051 | PDLC03738,oMTase_00027, 2, 4.4e-11, 0.197, 0.162 | PDLC03251,MTase_II_00037, 1, 200, 0.058, 0.064 | PDLC03251,MTase_II_00037, 2, 6.6e-06, 0.194, 0.213 | PDLC03325,MTase_II_00111, 1, 0.079, 0.081, 0.059 | PDLC03325,MTase_II_00111, 2, 28, 0.084, 0.061 | PDLC03325,MTase_II_00111, 3, 1.3e-05, 0.162, 0.117 | PDLC03276,MTase_II_00062, 1, 3.7e-23, 0.738, 0.574 | PDLC03386,MTase_II_00172, 1, 0.007, 0.107, 0.193 | PDLC03337,MTase_II_00123, 1, 6.2e-06, 0.79, 0.867 | PDLC03351,MTase_II_00137, 1, 2.6, 0.275, 0.256 | PDLC03351,MTase_II_00137, 2, 4.3e-09, 0.243, 0.204 | PDLC03322,MTase_II_00108, 1, 2.7, 0.049, 0.034 | PDLC03322,MTase_II_00108, 2, 0.013, 0.168, 0.123 | PDLC03308,MTase_II_00094, 1, 41, 0.049, 0.036 | PDLC03308,MTase_II_00094, 2, 3.5e-06, 0.184, 0.138 | PDLC03229,MTase_II_00015, 1, 27, 0.042, 0.032 | PDLC03229,MTase_II_00015, 2, 300, 0.049, 0.034 | PDLC03229,MTase_II_00015, 3, 2.2e-06, 0.249, 0.17 | PDLC03230,MTase_II_00016, 1, 3e-16, 0.796, 0.669 | PDLC03228,MTase_II_00014, 1, 0.26, 0.168, 0.229 | PDLC03228,MTase_II_00014, 2, 8.9e-07, 0.175, 0.238 | PDLC03387,MTase_II_00173, 1, 0.00011, 0.094, 0.104 | PDLC03387,MTase_II_00173, 2, 4.8e-17, 0.531, 0.495 | PDLC03305,MTase_II_00091, 1, 5, 0.091, 0.057 | PDLC03305,MTase_II_00091, 2, 7.7e-07, 0.239, 0.138 | PDLC03354,MTase_II_00140, 1, 2.1e-07, 0.311, 0.221 | PDLC03364,MTase_II_00150, 1, 19, 0.039, 0.032 | PDLC03364,MTase_II_00150, 2, 0.14, 0.155, 0.129 | PDLC03306,MTase_II_00092, 1, 0.015, 0.107, 0.076 | PDLC03306,MTase_II_00092, 2, 0.0031, 0.188, 0.133 | PDLC03714,oMTase_00003, 1, 7.3e-10, 0.77, 0.853 | PDLC03246,MTase_II_00032, 1, 6.5e-29, 0.78, 0.644 | PDLC03265,MTase_II_00051, 1, 7.6e-05, 0.311, 0.267 | PDLC03265,MTase_II_00051, 2, 3.7e-10, 0.285, 0.264 | PDLC03299,MTase_II_00085, 1, 2.4e-19, 0.906, 0.912 | PDLC03379,MTase_II_00165, 1, 48, 0.058, 0.067 | PDLC03379,MTase_II_00165, 2, 5.3e-05, 0.21, 0.221 | PDLC03309,MTase_II_00095, 1, 0.6, 0.094, 0.085 | PDLC03309,MTase_II_00095, 2, 8.4e-08, 0.172, 0.15 | PDLC03380,MTase_II_00166, 1, 56, 0.087, 0.066 | PDLC03380,MTase_II_00166, 2, 16, 0.139, 0.107 | PDLC03380,MTase_II_00166, 3, 0.00015, 0.168, 0.132 | PDLC03321,MTase_II_00107, 1, 2.4, 0.065, 0.082 | PDLC03321,MTase_II_00107, 2, 1.1, 0.233, 0.253 | PDLC03321,MTase_II_00107, 3, 1.8e-06, 0.197, 0.245 | PDLC03249,MTase_II_00035, 1, 0.0063, 0.107, 0.061 | PDLC03353,MTase_II_00139, 1, 2.1e-86, 0.809, 0.919 | PDLC03312,MTase_II_00098, 1, 0.63, 0.087, 0.02 | PDLC03312,MTase_II_00098, 2, 1.1, 0.184, 0.038 | PDLC03312,MTase_II_00098, 3, 0.0083, 0.146, 0.033","PDLC03353, MTase_II_00139, 2.1e-86, 0.809, 0.919 | PDLC03350, MTase_II_00136, 1.1e-50, 0.819, 0.769 | PDLC03259, MTase_II_00045, 4.6e-48, 0.835, 0.61 | PDLC03283, MTase_II_00069, 2.4e-30, 0.663, 0.58 | PDLC03246, MTase_II_00032, 6.5e-29, 0.78, 0.644"
4,NC_017954.1,RM_type_II,NC_017954.1_691,PDLC03353,MTase_II_00139,MTase_II,1.6999999999999997e-86,2.0999999999999996e-86,0.809,0.919,625134,626060,+,625134  626060  1  ID=1_691;partial=00;start_type=ATG;rbs_motif=GGTG;rbs_spacer=7bp;gc_cont=0.518,691,1421,"PDLC03303,MTase_II_00089, 1, 0.46, 0.104, 0.049 | PDLC03303,MTase_II_00089, 2, 1.4e-07, 0.204, 0.094 | PDLC03369,MTase_II_00155, 1, 5, 0.091, 0.053 | PDLC03369,MTase_II_00155, 2, 2.1e-05, 0.175, 0.103 | PDLC03283,MTase_II_00069, 1, 3.3e-06, 0.084, 0.074 | PDLC03283,MTase_II_00069, 2, 2.4e-30, 0.663, 0.58 | PDLC03391,MTase_II_00177, 1, 8.1, 0.091, 0.073 | PDLC03391,MTase_II_00177, 2, 0.16, 0.149, 0.121 | PDLC03302,MTase_II_00088, 1, 260, 0.091, 0.045 | PDLC03302,MTase_II_00088, 2, 1.3e-07, 0.262, 0.133 | PDLC03362,MTase_II_00148, 1, 2.5, 0.11, 0.071 | PDLC03362,MTase_II_00148, 2, 6.2, 0.194, 0.135 | PDLC03362,MTase_II_00148, 3, 0.29, 0.172, 0.123 | PDLC03259,MTase_II_00045, 1, 4.6e-48, 0.835, 0.61 | PDLC03327,MTase_II_00113, 1, 5.7e-08, 0.757, 0.708 | PDLC03279,MTase_II_00065, 1, 5.3e-06, 0.184, 0.097 | PDLC03316,MTase_II_00102, 1, 7.4e-05, 0.395, 0.315 | PDLC03316,MTase_II_00102, 2, 4.5, 0.091, 0.072 | PDLC03316,MTase_II_00102, 3, 0.046, 0.087, 0.069 | PDLC03320,MTase_II_00106, 1, 0.55, 0.058, 0.062 | PDLC03320,MTase_II_00106, 2, 2.1e-10, 0.201, 0.215 | PDLC03350,MTase_II_00136, 1, 1.1e-50, 0.819, 0.769 | PDLC03295,MTase_II_00081, 1, 3.6e-11, 0.783, 0.863 | PDLC03300,MTase_II_00086, 1, 300, 0.049, 0.05 | PDLC03300,MTase_II_00086, 2, 13, 0.107, 0.106 | PDLC03300,MTase_II_00086, 3, 7.9e-10, 0.249, 0.258 | PDLC03241,MTase_II_00027, 1, 3.7e-08, 0.201, 0.139 | PDLC03336,MTase_II_00122, 1, 0.00066, 0.178, 0.14 | PDLC03336,MTase_II_00122, 2, 0.0089, 0.155, 0.114 | PDLC03339,MTase_II_00125, 1, 8.1, 0.178, 0.135 | PDLC03339,MTase_II_00125, 2, 3.5e-08, 0.246, 0.193 | PDLC03236,MTase_II_00022, 1, 4.9e-11, 0.79, 0.265 | PDLC03252,MTase_II_00038, 1, 0.092, 0.194, 0.178 | PDLC03252,MTase_II_00038, 2, 61, 0.117, 0.096 | PDLC03252,MTase_II_00038, 3, 3.4e-09, 0.223, 0.181 | PDLC03224,MTase_II_00010, 1, 0.84, 0.071, 0.044 | PDLC03224,MTase_II_00010, 2, 0.014, 0.172, 0.108 | PDLC03224,MTase_II_00010, 3, 8.4e-11, 0.217, 0.141 | PDLC03296,MTase_II_00082, 1, 25, 0.049, 0.045 | PDLC03296,MTase_II_00082, 2, 6.3e-06, 0.21, 0.19 | PDLC03376,MTase_II_00162, 1, 2.1e-06, 0.327, 0.422 | PDLC03376,MTase_II_00162, 2, 0.00039, 0.282, 0.321 | PDLC03323,MTase_II_00109, 1, 0.063, 0.181, 0.17 | PDLC03323,MTase_II_00109, 2, 0.00016, 0.168, 0.158 | PDLC03239,MTase_II_00025, 1, 2.3, 0.058, 0.041 | PDLC03239,MTase_II_00025, 2, 0.00017, 0.165, 0.12 | PDLC03371,MTase_II_00157, 1, 0.25, 0.074, 0.092 | PDLC03371,MTase_II_00157, 2, 4.6e-23, 0.531, 0.569 | PDLC03260,MTase_II_00046, 1, 7.8e-05, 0.214, 0.189 | PDLC03260,MTase_II_00046, 2, 1.3e-11, 0.343, 0.269 | PDLC03260,MTase_II_00046, 3, 150, 0.052, 0.046 | PDLC03284,MTase_II_00070, 1, 3.3, 0.065, 0.055 | PDLC03284,MTase_II_00070, 2, 160, 0.065, 0.055 | PDLC03284,MTase_II_00070, 3, 0.0014, 0.159, 0.136 | PDLC03363,MTase_II_00149, 1, 4, 0.052, 0.054 | PDLC03363,MTase_II_00149, 2, 27, 0.052, 0.054 | PDLC03363,MTase_II_00149, 3, 7.3e-09, 0.22, 0.231 | PDLC03216,MTase_II_00002, 1, 2.2, 0.065, 0.055 | PDLC03216,MTase_II_00002, 2, 3.6e-13, 0.22, 0.187 | PDLC03238,MTase_II_00024, 1, 78, 0.172, 0.129 | PDLC03238,MTase_II_00024, 2, 5.9e-09, 0.249, 0.178 | PDLC03251,MTase_II_00037, 1, 200, 0.058, 0.064 | PDLC03251,MTase_II_00037, 2, 6.6e-06, 0.194, 0.213 | PDLC03325,MTase_II_00111, 1, 0.079, 0.081, 0.059 | PDLC03325,MTase_II_00111, 2, 28, 0.084, 0.061 | PDLC03325,MTase_II_00111, 3, 1.3e-05, 0.162, 0.117 | PDLC03276,MTase_II_00062, 1, 3.7e-23, 0.738, 0.574 | PDLC03386,MTase_II_00172, 1, 0.007, 0.107, 0.193 | PDLC03337,MTase_II_00123, 1, 6.2e-06, 0.79, 0.867 | PDLC03351,MTase_II_00137, 1, 2.6, 0.275, 0.256 | PDLC03351,MTase_II_00137, 2, 4.3e-09, 0.243, 0.204 | PDLC03322,MTase_II_00108, 1, 2.7, 0.049, 0.034 | PDLC03322,MTase_II_00108, 2, 0.013, 0.168, 0.123 | PDLC03308,MTase_II_00094, 1, 41, 0.049, 0.036 | PDLC03308,MTase_II_00094, 2, 3.5e-06, 0.184, 0.138 | PDLC03229,MTase_II_00015, 1, 27, 0.042, 0.032 | PDLC03229,MTase_II_00015, 2, 300, 0.049, 0.034 | PDLC03229,MTase_II_00015, 3, 2.2e-06, 0.249, 0.17 | PDLC03230,MTase_II_00016, 1, 3e-16, 0.796, 0.669 | PDLC03228,MTase_II_00014, 1, 0.26, 0.168, 0.229 | PDLC03228,MTase_II_00014, 2, 8.9e-07, 0.175, 0.238 | PDLC03387,MTase_II_00173, 1, 0.00011, 0.094, 0.104 | PDLC03387,MTase_II_00173, 2, 4.8e-17, 0.531, 0.495 | PDLC03305,MTase_II_00091, 1, 5, 0.091, 0.057 | PDLC03305,MTase_II_00091, 2, 7.7e-07, 0.239, 0.138 | PDLC03354,MTase_II_00140, 1, 2.1e-07, 0.311, 0.221 | PDLC03364,MTase_II_00150, 1, 19, 0.039, 0.032 | PDLC03364,MTase_II_00150, 2, 0.14, 0.155, 0.129 | PDLC03306,MTase_II_00092, 1, 0.015, 0.107, 0.076 | PDLC03306,MTase_II_00092, 2, 0.0031, 0.188, 0.133 | PDLC03246,MTase_II_00032, 1, 6.5e-29, 0.78, 0.644 | PDLC03265,MTase_II_00051, 1, 7.6e-05, 0.311, 0.267 | PDLC03265,MTase_II_00051, 2, 3.7e-10, 0.285, 0.264 | PDLC03299,MTase_II_00085, 1, 2.4e-19, 0.906, 0.912 | PDLC03379,MTase_II_00165, 1, 48, 0.058, 0.067 | PDLC03379,MTase_II_00165, 2, 5.3e-05, 0.21, 0.221 | PDLC03309,MTase_II_00095, 1, 0.6, 0.094, 0.085 | PDLC03309,MTase_II_00095, 2, 8.4e-08, 0.172, 0.15 | PDLC03380,MTase_II_00166, 1, 56, 0.087, 0.066 | PDLC03380,MTase_II_00166, 2, 16, 0.139, 0.107 | PDLC03380,MTase_II_00166, 3, 0.00015, 0.168, 0.132 | PDLC03321,MTase_II_00107, 1, 2.4, 0.065, 0.082 | PDLC03321,MTase_II_00107, 2, 1.1, 0.233, 0.253 | PDLC03321,MTase_II_00107, 3, 1.8e-06, 0.197, 0.245 | PDLC03249,MTase_II_00035, 1, 0.0063, 0.107, 0.061 | PDLC03353,MTase_II_00139, 1, 2.1e-86, 0.809, 0.919 | PDLC03312,MTase_II_00098, 1, 0.63, 0.087, 0.02 | PDLC03312,MTase_II_00098, 2, 1.1, 0.184, 0.038 | PDLC03312,MTase_II_00098, 3, 0.0083, 0.146, 0.033","PDLC03353, MTase_II_00139, 2.1e-86, 0.809, 0.919 | PDLC03350, MTase_II_00136, 1.1e-50, 0.819, 0.769 | PDLC03259, MTase_II_00045, 4.6e-48, 0.835, 0.61 | PDLC03283, MTase_II_00069, 2.4e-30, 0.663, 0.58 | PDLC03246, MTase_II_00032, 6.5e-29, 0.78, 0.644"
2,NC_017954.1,DMS_other,NC_017954.1_692,PDLC03542,REase_II_00144,REase_II,2.9999999999999997e-105,3.6e-105,0.964,0.984,626057,627055,-,626057  627055  -1  ID=1_692;partial=00;start_type=TTG;rbs_motif=GTG;rbs_spacer=10bp;gc_cont=0.435,692,1421,"PDLC03542,REase_II_00144, 1, 3.6e-105, 0.964, 0.984","PDLC03542, REase_II_00144, 3.6e-105, 0.964, 0.984"
4,NC_017954.1,RM_type_II,NC_017954.1_692,PDLC03542,REase_II_00144,REase_II,2.9999999999999997e-105,3.6e-105,0.964,0.984,626057,627055,-,626057  627055  -1  ID=1_692;partial=00;start_type=TTG;rbs_motif=GTG;rbs_spacer=10bp;gc_cont=0.435,692,1421,"PDLC03542,REase_II_00144, 1, 3.6e-105, 0.964, 0.984","PDLC03542, REase_II_00144, 3.6e-105, 0.964, 0.984"
6,NC_017954.1,cas_type_I-A,NC_017954.1_1019,PDLC01456,COG2254,Cas3a2,2.6e-10,3.9e-10,0.798,0.865,943626,944516,-,943626  944516  -1  ID=1_1019;partial=00;start_type=GTG;rbs_motif=GGT;rbs_spacer=7bp;gc_cont=0.530,1019,1421,"PDLC01456,COG2254, 1, 3.9e-10, 0.798, 0.865","PDLC01456, COG2254, 3.9e-10, 0.798, 0.865"
6,NC_017954.1,cas_type_I-A,NC_017954.1_1020,PDLC01710,COG1203,Cas3a1,1.4e-52,1.8999999999999998e-52,0.81,0.636,944507,946387,-,944507  946387  -1  ID=1_1020;partial=00;start_type=ATG;rbs_motif=AGGT;rbs_spacer=6bp;gc_cont=0.506,1020,1421,"PDLC01710,COG1203, 1, 1.9e-52, 0.81, 0.636","PDLC01710, COG1203, 1.9e-52, 0.81, 0.636"
6,NC_017954.1,cas_type_I-A,NC_017954.1_1021,PDLC01409,cls000290,Cas8a,7.1e-51,8.8e-51,0.975,0.981,946404,947597,-,946404  947597  -1  ID=1_1021;partial=00;start_type=ATG;rbs_motif=GTG;rbs_spacer=10bp;gc_cont=0.501,1021,1421,"PDLC01409,cls000290, 1, 8.8e-51, 0.975, 0.981 | PDLC01593,mkCas0208, 1, 9e-34, 0.91, 0.914","PDLC01409, cls000290, 8.8e-51, 0.975, 0.981 | PDLC01593, mkCas0208, 9e-34, 0.91, 0.914"
6,NC_017954.1,cas_type_I-A,NC_017954.1_1022,PDLC01262,cd09649,Cas5a,1.3e-20,1.7e-20,0.616,0.893,947652,948581,-,947652  948581  -1  ID=1_1022;partial=00;start_type=ATG;rbs_motif=GGTG;rbs_spacer=9bp;gc_cont=0.571,1022,1421,"PDLC01366,cd09753, 1, 4.9e-11, 0.148, 0.253 | PDLC01366,cd09753, 2, 0.036, 0.277, 0.382 | PDLC01262,cd09649, 1, 1.7e-20, 0.616, 0.893 | PDLC00946,cas_cas5a, 1, 0.00027, 0.116, 0.208 | PDLC00946,cas_cas5a, 2, 72, 0.09, 0.162 | PDLC01551,mkCas0161, 1, 0.025, 0.065, 0.081 | PDLC01551,mkCas0161, 2, 0.00084, 0.261, 0.312","PDLC01262, cd09649, 1.7e-20, 0.616, 0.893 | PDLC01366, cd09753, 4.9e-11, 0.148, 0.253 | PDLC00946, cas_cas5a, 0.00027, 0.116, 0.208 | PDLC01551, mkCas0161, 0.00084, 0.261, 0.312"
6,NC_017954.1,cas_type_I-A,NC_017954.1_1023,PDLC00957,DevR_archaea,Cas7a,4.1999999999999996e-70,6.699999999999999e-70,0.791,0.968,948588,949664,-,948588  949664  -1  ID=1_1023;partial=00;start_type=GTG;rbs_motif=GGTG;rbs_spacer=5bp;gc_cont=0.547,1023,1421,"PDLC00957,DevR_archaea, 1, 6.7e-70, 0.791, 0.968","PDLC00957, DevR_archaea, 6.7e-70, 0.791, 0.968"
6,NC_017954.1,cas_type_I-A,NC_017954.1_1024,PDLC01406,cls000207,Cas11a,2.9999999999999996e-43,3.4999999999999996e-43,0.817,0.972,949674,950099,-,949674  950099  -1  ID=1_1024;partial=00;start_type=ATG;rbs_motif=GGTG;rbs_spacer=5bp;gc_cont=0.538,1024,1421,"PDLC01363,cd09750, 1, 0.0087, 0.204, 0.302 | PDLC01553,mkCas0163, 1, 0.021, 0.303, 0.434 | PDLC01553,mkCas0163, 2, 2.1, 0.092, 0.131 | PDLC00992,cas_Csa5, 1, 0.0077, 0.218, 0.29 | PDLC01406,cls000207, 1, 3.5e-43, 0.817, 0.972","PDLC01406, cls000207, 3.5e-43, 0.817, 0.972 | PDLC00992, cas_Csa5, 0.0077, 0.218, 0.29 | PDLC01363, cd09750, 0.0087, 0.204, 0.302 | PDLC01553, mkCas0163, 0.021, 0.303, 0.434"
6,NC_017954.1,cas_type_I-A,NC_017954.1_1025,PDLC01858,CARF3--CARF_MK_CARF_00100186,CARF3--CARF,8.299999999999999e-88,9.199999999999998e-88,0.971,0.99,950233,950862,-,950233  950862  -1  ID=1_1025;partial=00;start_type=ATG;rbs_motif=GTG;rbs_spacer=9bp;gc_cont=0.559,1025,1421,"PDLC01875,CARF3--CARF_MK_CARF_01001488, 1, 8.6e-05, 0.919, 0.881 | PDLC01851,CARF3--CARF_MK_CARF_01000494, 1, 0.009, 0.2, 0.154 | PDLC01848,CARF3--CARF_MK_CARF_01001287, 1, 3.7e-22, 0.9, 0.914 | PDLC01268,cd09655, 1, 4.3e-17, 0.895, 0.944 | PDLC01860,CARF3--CARF_MK_CARF_01001354, 1, 3.7e-07, 0.924, 0.914 | PDLC01854,CARF3--CARF_MK_CARF_00101004, 1, 7.4e-09, 0.9, 0.889 | PDLC01434,cls001593, 1, 6.7e-21, 0.895, 0.895 | PDLC01856,CARF3--CARF_MK_CARF_ADD00000425, 1, 0.024, 0.476, 0.479 | PDLC01856,CARF3--CARF_MK_CARF_ADD00000425, 2, 0.82, 0.162, 0.175 | PDLC01863,CARF3--CARF_MK_CARF_00011578, 1, 0.00096, 0.248, 0.286 | PDLC01794,CARF1--CARF_CARF1--CARF, 1, 0.0043, 0.39, 0.464 | PDLC01044,shah_acc_0033, 1, 6.9e-28, 0.943, 0.954 | PDLC01865,CARF3--CARF_MK_CARF_01001122, 1, 0.00012, 0.538, 0.493 | PDLC01853,CARF3--CARF_MK_CARF_ADD00000586, 1, 0.00044, 0.729, 0.722 | PDLC01879,CARF3--CARF_TM_CARF3--CARF_TM, 1, 1.8e-19, 0.976, 0.892 | PDLC01870,CARF3--CARF_MK_CARF_ADD00000541, 1, 0.0028, 0.724, 0.618 | PDLC01858,CARF3--CARF_MK_CARF_00100186, 1, 9.2e-88, 0.971, 0.99 | PDLC01852,CARF3--CARF_MK_CARF_00011742, 1, 1.6e-09, 0.924, 0.923 | PDLC01850,CARF3--CARF_MK_CARF_01001976, 1, 1.8e-12, 0.905, 0.909 | PDLC01438,ArsR, 1, 4.8e-06, 0.233, 0.154 | PDLC01857,CARF3--CARF_MK_CARF_00011290, 1, 9.7e-15, 0.886, 0.851 | PDLC01849,CARF3--CARF_MK_CARF_01001485, 1, 0.0032, 0.233, 0.249 | PDLC01866,CARF3--CARF_MK_CARF_00012921, 1, 0.00046, 0.8, 0.778","PDLC01858, CARF3--CARF_MK_CARF_00100186, 9.2e-88, 0.971, 0.99 | PDLC01044, shah_acc_0033, 6.9e-28, 0.943, 0.954 | PDLC01848, CARF3--CARF_MK_CARF_01001287, 3.7e-22, 0.9, 0.914 | PDLC01434, cls001593, 6.7e-21, 0.895, 0.895 | PDLC01879, CARF3--CARF_TM_CARF3--CARF_TM, 1.8e-19, 0.976, 0.892"
7,NC_017954.1,cas_type_other,NC_017954.1_1041,PDLC01127,icity0025,Cas6,9.799999999999998e-85,1.0999999999999997e-84,0.881,0.991,966749,967708,-,966749  967708  -1  ID=1_1041;partial=00;start_type=ATG;rbs_motif=GGT;rbs_spacer=4bp;gc_cont=0.656,1041,1421,"PDLC02100,Cas6a_Cas6a, 1, 6.1e-05, 0.525, 0.579 | PDLC01127,icity0025, 1, 1.1e-84, 0.881, 0.991 | PDLC01466,COG5551, 1, 5.8e-08, 0.5, 0.552 | PDLC01650,pfam10040, 1, 4.3e-13, 0.406, 0.99 | PDLC01122,icity0020, 1, 1.9e-30, 0.897, 0.97","PDLC01127, icity0025, 1.1e-84, 0.881, 0.991 | PDLC01122, icity0020, 1.9e-30, 0.897, 0.97 | PDLC01650, pfam10040, 4.3e-13, 0.406, 0.99 | PDLC01466, COG5551, 5.8e-08, 0.5, 0.552 | PDLC02100, Cas6a_Cas6a, 6.1e-05, 0.525, 0.579"
7,NC_017954.1,cas_type_other,NC_017954.1_1043,PDLC01272,cd09659,Cas4,7.499999999999999e-77,8.999999999999999e-77,0.95,0.992,971382,972224,+,971382  972224  1  ID=1_1043;partial=00;start_type=TTG;rbs_motif=GGTG;rbs_spacer=6bp;gc_cont=0.661,1043,1421,"PDLC01615,pfam06023, 1, 3.7e-72, 0.957, 0.977 | PDLC00944,cas4_I_II_V_maka, 1, 0.012, 0.146, 0.209 | PDLC00944,cas4_I_II_V_maka, 2, 2.2e-07, 0.363, 0.565 | PDLC02085,Cas4a2_Cas4a2, 1, 87, 0.11, 0.169 | PDLC02085,Cas4a2_Cas4a2, 2, 0.0018, 0.431, 0.657 | PDLC01272,cd09659, 1, 9e-77, 0.95, 0.992 | PDLC01773,Cas4c_WP_149685095.1, 1, 160, 0.05, 0.061 | PDLC01773,Cas4c_WP_149685095.1, 2, 0.00089, 0.352, 0.41 | PDLC01463,COG4343, 1, 5.8e-73, 0.968, 0.974 | PDLC02084,Cas4a1_Cas4a1, 1, 1.1e-74, 0.975, 0.985 | PDLC00943,cas4, 1, 0.0045, 0.135, 0.2 | PDLC00943,cas4, 2, 6.4e-08, 0.359, 0.55 | PDLC02083,Cas4_II_WP_102552661.1, 1, 160, 0.125, 0.188 | PDLC02083,Cas4_II_WP_102552661.1, 2, 0.00023, 0.363, 0.538 | PDLC02034,Cas4d_WP_049772653.1, 1, 23, 0.132, 0.177 | PDLC02034,Cas4d_WP_049772653.1, 2, 0.0052, 0.342, 0.479 | PDLC01250,cd09637, 1, 0.041, 0.149, 0.232 | PDLC01250,cd09637, 2, 8.1e-09, 0.363, 0.565 | PDLC00942,cas_AF1879, 1, 1.9e-74, 0.94, 0.982","PDLC01272, cd09659, 9e-77, 0.95, 0.992 | PDLC02084, Cas4a1_Cas4a1, 1.1e-74, 0.975, 0.985 | PDLC00942, cas_AF1879, 1.9e-74, 0.94, 0.982 | PDLC01463, COG4343, 5.8e-73, 0.968, 0.974 | PDLC01615, pfam06023, 3.7e-72, 0.957, 0.977"
7,NC_017954.1,cas_type_other,NC_017954.1_1044,PDLC02064,Cas1a_Cas1a,Cas1a,1.7999999999999996e-68,2.0999999999999997e-68,0.743,0.964,972221,973504,+,972221  973504  1  ID=1_1044;partial=00;start_type=GTG;rbs_motif=GGTG;rbs_spacer=8bp;gc_cont=0.648,1044,1421,"PDLC00926,cas1_NMENI, 1, 3.5e-26, 0.586, 0.817 | PDLC01449,COG1518, 1, 4.1e-61, 0.745, 0.993 | PDLC01744,Cas1e_WP_035839043.1, 1, 120, 0.143, 0.193 | PDLC01744,Cas1e_WP_035839043.1, 2, 4.3e-06, 0.138, 0.186 | PDLC00922,cas1_MYXAN, 1, 4.5e-20, 0.572, 0.709 | PDLC02067,Cas1b_WP_188882336.1, 1, 3.2e-24, 0.568, 0.454 | PDLC00924,cas1_ECOLI, 1, 110, 0.201, 0.312 | PDLC00924,cas1_ECOLI, 2, 1.5e-07, 0.143, 0.219 | PDLC02062,Cas1_II_WP_122951193.1, 1, 1.9e-43, 0.743, 0.965 | PDLC01747,Cas1g_WP_005511840.1, 1, 1.6e-39, 0.736, 0.598 | PDLC01743,Cas1c_WP_008519397.1, 1, 3e-41, 0.734, 0.944 | PDLC01742,Cas1b_WP_142933338.1, 1, 5e-17, 0.717, 0.929 | PDLC01740,Cas1_IIIa_WP_158094482.1, 1, 1.5e-30, 0.596, 0.743 | PDLC01741,Cas1_IIIa_WP_000655858.1, 1, 4.3e-12, 0.53, 0.674 | PDLC00928,cas1_I_II_III_V_maka, 1, 1e-57, 0.736, 0.994 | PDLC01335,cd09722, 1, 1.1e-16, 0.724, 0.956 | PDLC02063,Cas1_IIIb_Cas1_IIIb, 1, 1.2e-47, 0.729, 0.47 | PDLC01334,cd09721, 1, 1.6e-39, 0.734, 0.958 | PDLC01745,Cas1e_WP_120372217.1, 1, 0.0067, 0.236, 0.351 | PDLC02061,Cas1_II_WP_078484493.1, 1, 2.9e-30, 0.741, 0.785 | PDLC01746,Cas1e_WP_162621937.1, 1, 1.2e-06, 0.143, 0.366 | PDLC00927,cas1, 1, 2.1e-67, 0.736, 0.979 | PDLC00923,cas1_DVULG, 1, 1.9e-39, 0.734, 0.953 | PDLC01249,cd09636, 1, 1.6e-54, 0.593, 0.959 | PDLC01608,pfam01867, 1, 3.6e-61, 0.598, 0.888 | PDLC00929,cas1_PREFRAN, 1, 9.1e-16, 0.579, 0.744 | PDLC02066,Cas1b_WP_035727688.1, 1, 1e-60, 0.736, 0.991 | PDLC01332,cd09719, 1, 170, 0.192, 0.303 | PDLC01332,cd09719, 2, 1.6e-07, 0.143, 0.226 | PDLC01248,cd09634, 1, 2.6e-62, 0.738, 0.997 | PDLC01333,cd09720, 1, 6.5e-27, 0.577, 0.822 | PDLC02064,Cas1a_Cas1a, 1, 2.1e-68, 0.743, 0.964 | PDLC02025,Cas1d_Cas1d, 1, 2.6e-47, 0.598, 0.763 | PDLC02065,Cas1b_WP_013704840.1, 1, 3.9e-11, 0.703, 0.912","PDLC02064, Cas1a_Cas1a, 2.1e-68, 0.743, 0.964 | PDLC00927, cas1, 2.1e-67, 0.736, 0.979 | PDLC01248, cd09634, 2.6e-62, 0.738, 0.997 | PDLC01608, pfam01867, 3.6e-61, 0.598, 0.888 | PDLC01449, COG1518, 4.1e-61, 0.745, 0.993"
7,NC_017954.1,cas_type_other,NC_017954.1_1045,PDLC00943,cas4,Cas4,2e-25,1.8999999999999998e-23,0.924,0.983,973501,974010,+,973501  974010  1  ID=1_1045;partial=00;start_type=TTG;rbs_motif=GGTG;rbs_spacer=7bp;gc_cont=0.680,1045,1421,"PDLC00944,cas4_I_II_V_maka, 1, 1.4e-17, 0.924, 0.989 | PDLC02087,Cas4b_WP_154810420.1, 1, 20, 0.106, 0.095 | PDLC02087,Cas4b_WP_154810420.1, 2, 0.014, 0.271, 0.243 | PDLC02085,Cas4a2_Cas4a2, 1, 0.00047, 0.194, 0.193 | PDLC02085,Cas4a2_Cas4a2, 2, 2.8e-10, 0.559, 0.554 | PDLC01771,Cas4b_WP_019267510.1, 1, 1.3e-07, 0.912, 0.938 | PDLC01747,Cas1g_WP_005511840.1, 1, 0.027, 0.194, 0.059 | PDLC01747,Cas1g_WP_005511840.1, 2, 2.3e-09, 0.641, 0.22 | PDLC02086,Cas4b_WP_077327524.1, 1, 0.00075, 0.859, 0.901 | PDLC01772,Cas4b_WP_113688895.1, 1, 0.00019, 0.894, 0.915 | PDLC01773,Cas4c_WP_149685095.1, 1, 1.7e-06, 0.594, 0.432 | PDLC01447,COG1468, 1, 1.4e-20, 0.929, 0.95 | PDLC00943,cas4, 1, 1.9e-23, 0.924, 0.983 | PDLC02083,Cas4_II_WP_102552661.1, 1, 10, 0.129, 0.118 | PDLC02083,Cas4_II_WP_102552661.1, 2, 4.9e-06, 0.629, 0.591 | PDLC02036,Cas4d_WP_002706837.1, 1, 0.0071, 0.406, 0.387 | PDLC02034,Cas4d_WP_049772653.1, 1, 160, 0.088, 0.078 | PDLC02034,Cas4d_WP_049772653.1, 2, 1.4e-05, 0.618, 0.552 | PDLC01611,pfam01930, 1, 1.8e-14, 0.906, 0.968 | PDLC01250,cd09637, 1, 6.6e-20, 0.924, 0.988","PDLC00943, cas4, 1.9e-23, 0.924, 0.983 | PDLC01447, COG1468, 1.4e-20, 0.929, 0.95 | PDLC01250, cd09637, 6.6e-20, 0.924, 0.988 | PDLC00944, cas4_I_II_V_maka, 1.4e-17, 0.924, 0.989 | PDLC01611, pfam01930, 1.8e-14, 0.906, 0.968"
7,NC_017954.1,cas_type_other,NC_017954.1_1046,PDLC01850,CARF3--CARF_MK_CARF_01001976,CARF3--CARF,5.2999999999999994e-77,5.899999999999999e-77,0.981,0.99,973998,974636,-,973998  974636  -1  ID=1_1046;partial=00;start_type=TTG;rbs_motif=GGTG;rbs_spacer=5bp;gc_cont=0.671,1046,1421,"PDLC01875,CARF3--CARF_MK_CARF_01001488, 1, 2e-04, 0.662, 0.653 | PDLC01848,CARF3--CARF_MK_CARF_01001287, 1, 4.6e-10, 0.901, 0.919 | PDLC01268,cd09655, 1, 2.6e-14, 0.897, 0.95 | PDLC01860,CARF3--CARF_MK_CARF_01001354, 1, 0.00023, 0.23, 0.233 | PDLC01860,CARF3--CARF_MK_CARF_01001354, 2, 12, 0.221, 0.224 | PDLC01434,cls001593, 1, 1e-16, 0.934, 0.942 | PDLC01856,CARF3--CARF_MK_CARF_ADD00000425, 1, 0.00016, 0.892, 0.902 | PDLC01044,shah_acc_0033, 1, 1.9e-30, 0.967, 0.979 | PDLC01879,CARF3--CARF_TM_CARF3--CARF_TM, 1, 1.6e-17, 0.962, 0.878 | PDLC01858,CARF3--CARF_MK_CARF_00100186, 1, 8.9e-09, 0.958, 0.98 | PDLC01852,CARF3--CARF_MK_CARF_00011742, 1, 5e-04, 0.225, 0.231 | PDLC01852,CARF3--CARF_MK_CARF_00011742, 2, 0.67, 0.263, 0.279 | PDLC01850,CARF3--CARF_MK_CARF_01001976, 1, 5.9e-77, 0.981, 0.99 | PDLC01438,ArsR, 1, 0.01, 0.362, 0.223 | PDLC01857,CARF3--CARF_MK_CARF_00011290, 1, 0.0016, 0.887, 0.856","PDLC01850, CARF3--CARF_MK_CARF_01001976, 5.9e-77, 0.981, 0.99 | PDLC01044, shah_acc_0033, 1.9e-30, 0.967, 0.979 | PDLC01879, CARF3--CARF_TM_CARF3--CARF_TM, 1.6e-17, 0.962, 0.878 | PDLC01434, cls001593, 1e-16, 0.934, 0.942 | PDLC01268, cd09655, 2.6e-14, 0.897, 0.95"
3,NC_017954.1,DMS_other,NC_017954.1_1198,PDLC03352,MTase_II_00138,MTase_II,1.2999999999999992e-196,3.7999999999999985e-194,0.954,0.95,1133265,1136294,+,1133265  1136294  1  ID=1_1198;partial=00;start_type=TTG;rbs_motif=GGTG;rbs_spacer=7bp;gc_cont=0.579,1198,1421,"PDLC03319,MTase_II_00105, 1, 0.11, 0.04, 0.078 | PDLC03319,MTase_II_00105, 2, 0.00047, 0.05, 0.097 | PDLC03295,MTase_II_00081, 1, 0.6, 0.044, 0.151 | PDLC03295,MTase_II_00081, 2, 16, 0.028, 0.096 | PDLC03295,MTase_II_00081, 3, 55, 0.048, 0.164 | PDLC02189,DUF1156_MTase_00001, 1, 0.0041, 0.05, 0.055 | PDLC02189,DUF1156_MTase_00001, 2, 1.4e-06, 0.152, 0.155 | PDLC02189,DUF1156_MTase_00001, 3, 52, 0.025, 0.026 | PDLC02189,DUF1156_MTase_00001, 4, 1.9e-05, 0.03, 0.032 | PDLC02189,DUF1156_MTase_00001, 5, 0.00011, 0.122, 0.128 | PDLC03352,MTase_II_00138, 1, 3.8e-194, 0.954, 0.95 | PDLC02541,PglXI_00001, 1, 180, 0.058, 0.064 | PDLC02541,PglXI_00001, 1, 180, 0.058, 0.064 | PDLC02541,PglXI_00001, 2, 0.008, 0.048, 0.052 | PDLC02541,PglXI_00001, 2, 0.008, 0.048, 0.052 | PDLC03224,MTase_II_00010, 1, 0.029, 0.043, 0.087 | PDLC03224,MTase_II_00010, 2, 48, 0.026, 0.054 | PDLC03314,MTase_II_00100, 1, 1.5, 0.023, 0.024 | PDLC03314,MTase_II_00100, 2, 0.013, 0.109, 0.12 | PDLC03314,MTase_II_00100, 3, 0.00043, 0.029, 0.031 | PDLC03314,MTase_II_00100, 4, 6e-04, 0.105, 0.109 | PDLC03371,MTase_II_00157, 1, 260, 0.016, 0.062 | PDLC03371,MTase_II_00157, 2, 0.033, 0.022, 0.088 | PDLC03233,MTase_II_00019, 1, 8.4e-06, 0.213, 0.28 | PDLC03233,MTase_II_00019, 2, 2e-14, 0.34, 0.417 | PDLC00661,HmaB_00002, 1, 1.7e-06, 0.044, 0.045 | PDLC00661,HmaB_00002, 2, 6.6e-08, 0.057, 0.06 | PDLC00661,HmaB_00002, 3, 0.45, 0.089, 0.092 | PDLC00661,HmaB_00002, 4, 2.3e-33, 0.323, 0.316 | PDLC03367,MTase_II_00153, 1, 230, 0.034, 0.052 | PDLC03367,MTase_II_00153, 2, 0.0038, 0.031, 0.049 | PDLC03228,MTase_II_00014, 1, 1.5, 0.04, 0.172 | PDLC03228,MTase_II_00014, 2, 0.44, 0.02, 0.088 | PDLC03228,MTase_II_00014, 3, 720, 0.051, 0.225 | PDLC03387,MTase_II_00173, 1, 0.079, 0.029, 0.104 | PDLC03387,MTase_II_00173, 2, 48, 0.03, 0.104 | PDLC00660,HmaB_00001, 1, 2.1e-06, 0.044, 0.046 | PDLC00660,HmaB_00001, 2, 8e-08, 0.053, 0.056 | PDLC00660,HmaB_00001, 3, 3.2, 0.087, 0.091 | PDLC00660,HmaB_00001, 4, 1.4e-28, 0.19, 0.192 | PDLC00660,HmaB_00001, 5, 0.0034, 0.057, 0.061 | PDLC03353,MTase_II_00139, 1, 160, 0.017, 0.065 | PDLC03353,MTase_II_00139, 2, 0.0014, 0.037, 0.142","PDLC03352, MTase_II_00138, 3.8e-194, 0.954, 0.95 | PDLC00661, HmaB_00002, 2.3e-33, 0.323, 0.316 | PDLC00660, HmaB_00001, 1.4e-28, 0.19, 0.192 | PDLC03233, MTase_II_00019, 2e-14, 0.34, 0.417 | PDLC02189, DUF1156_MTase_00001, 1.4e-06, 0.152, 0.155"
3,NC_017954.1,DMS_other,NC_017954.1_1199,PDLC00662,HmaC_00001,HmaC,1.6999999999999998e-30,2.6e-30,0.475,0.555,1136275,1140009,+,1136275  1140009  1  ID=1_1199;partial=00;start_type=TTG;rbs_motif=GGTG;rbs_spacer=7bp;gc_cont=0.554,1199,1421,"PDLC02776,SspC_00007, 1, 0.0032, 0.043, 0.046 | PDLC02776,SspC_00007, 2, 62, 0.043, 0.052 | PDLC02192,DUF499_00001, 1, 0.034, 0.056, 0.055 | PDLC02192,DUF499_00001, 2, 5.5e-10, 0.185, 0.217 | PDLC02192,DUF499_00001, 3, 20, 0.03, 0.036 | PDLC00662,HmaC_00001, 1, 2.6e-30, 0.475, 0.555","PDLC00662, HmaC_00001, 2.6e-30, 0.475, 0.555 | PDLC02192, DUF499_00001, 5.5e-10, 0.185, 0.217 | PDLC02776, SspC_00007, 0.0032, 0.043, 0.046"
